Page,Old Title,New Title,Old Description,New Description,Old Keywords,New Keywords
Players List,Teniseri -,Teniseri,N/A,Oficijalno rangiranje tenisera Open Tennis Srbija. Najbolji teniseri Srbije poeni kategorije i statistike svih registrovanih igrača.,N/A,rangiranje tenisera srbija najbolji igrači tenis poeni kategorije
Add Match,Dodaj meč -,Dodaj meč,N/A,N/A,N/A,N/A
Leagues List,Lige -,Lige,N/A,[name] - Open Tennis Srbija. Rangiranje igrača rezultati mečeva i kompletne statistike lige.,N/A,tenis liga srbija turnir rangiranje rezultati
Mission Page,Misija -,Misija,N/A,N/A,N/A,N/A
Rules Page,Uputstva -,Uputstva,N/A,N/A,N/A,N/A
Rewards Page,Nagrade partnera 2025 -,Nagrade partnera 2025,N/A,N/A,N/A,N/A
Find Player Page,Nađi tenisera -,Nađi tenisera,N/A,N/A,N/A,N/A
Courts List,Tereni -,Tereni,N/A,teren [name] u [location]. Informacije o terenu kontakt mečevi i igrači koji igraju na ovom terenu.,N/A,tenis tereni srbija klubovi kontakt lokacija
Tournaments List,Turniri -,Turniri,N/A,N/A,N/A,N/A
Match Details,Meč [broj] -,Dynamic: [Player1] vs [Player2] [Score],N/A,Rezultat meča između [player 1] i [player 2] je [score]. Detalji meča set po set rezultat i statistike igrača u Open Tennis Srbija.,N/A,tenis meč rezultat skorovi igrači srbija
Player Profile,N/A,Dynamic: [Player Name] - Teniser,N/A,[Player] je rangiran kao [rank]. teniser Open Tennis Srbija sa [points] poena. Pogledajte rezultate mečeva statistike i napredak kroz kategorije.,N/A,teniser srbija poeni rang kategorija statistike
All Matches,N/A,Mečevi,N/A,Svi tenis mečevi Open Tennis Srbija. Rezultati skorovi datumi mečeva i statistike najboljih tenisera Srbije.,N/A,tenis mečevi srbija rezultati skorovi najbolji teniseri
Site Default,Srpska Tenis Liga,Open Tennis Srbija,Oficijelni sajt Srpske tenis lige. Rangiranje tenisera rezultati mečeva lige और turniri. Pratite najbolje tenisere Srbije i njihove rezultate.,Oficijelni sajt Open Tennis Srbija. Rangiranje tenisera rezultati mečeva lige और turniri. Pratite najbolje tenisere Srbije i njihove rezultate.,srpska tenis liga tenis srbija rangiranje tenisera tenis mečevi tenis turniri tenis lige srbija open tennis srbija,open tennis srbija tenis srbija rangiranje tenisera tenis mečevi tenis turniri tenis lige srbija srpska tenis liga